Campaign,Business,Total_Days,Train_Days,Test_Days,Avg_CPL,Test_MAE,Test_MAPE,SMA3_MAE,SMA3_MAPE,SMA7_MAE,SMA7_MAPE,Epochs_Trained,Final_Loss,Converged_Early
traffic_source_campaign_name_004,target_business_002,202,141,31,0.20179331432470798,0.42590307690710244,182.79857145980992,0.2091655413133796,71.6806576336002,0.19686774856515257,60.877812498747645,200,0.03236756473779678,False
traffic_source_campaign_name_012,target_business_002,172,120,27,0.23995239706640992,0.3002974636228962,79.94410412306144,0.045264603126118116,12.470907337626002,0.07956513579379723,20.31787560348389,200,0.021377744153141975,False
traffic_source_campaign_name_016,target_business_002,152,106,24,0.22923808142110044,0.1602378406563987,47.45066109864926,0.17979703476067257,48.37617978497404,0.17187937538168227,45.646314784527696,200,0.02228485234081745,False
traffic_source_campaign_name_040,target_business_001,130,91,20,0.3712643452761695,0.2652807444728194,131.7926481399812,0.09663744143905242,43.416695708131314,0.0959633522512028,38.91818054014449,200,0.0339820571243763,False
traffic_source_campaign_name_1032,target_business_005,109,76,17,0.5450646853541988,0.9641962835261577,110.42468492596569,0.0787506305804116,9.058454894355467,0.0771209305155641,8.782266843637595,200,0.02203056402504444,False
traffic_source_campaign_name_106,target_business_004,172,120,27,0.20322461007110695,0.5094289533410128,157.16364777177444,0.18774644051765638,95.55226768353428,0.15410219377105377,80.3661610165745,200,0.01934308186173439,False
traffic_source_campaign_name_1064,target_business_004,103,72,16,0.04367038264778654,1.6256969680259785,2388.184925558601,0.0196107562077725,23.877779575379538,0.018220622235388874,20.95995634006327,200,0.012500269338488579,False
traffic_source_campaign_name_107,target_business_004,107,74,17,0.26609580881660067,0.43062007735615754,111.54907251504767,0.13874173037627516,34.06890283391454,0.12769385542192074,31.568444665609903,200,0.01972835138440132,False
traffic_source_campaign_name_1070,target_business_004,137,95,22,0.379248510449992,0.3609741649586478,89.52298200750272,0.08529801599845774,15.341193134655024,0.08535228647076547,15.67570738464879,200,0.035411618649959564,False
traffic_source_campaign_name_1095,target_business_002,137,95,22,0.21162541993110529,0.28542101446749235,74.05746858986119,0.2118295370515933,63.056824602408504,0.1892378812605585,59.39411858968408,200,0.01590881682932377,False
traffic_source_campaign_name_1097,target_business_002,109,76,17,0.24777959439623673,0.3698923918096851,80.75314839152149,0.33941212490153533,122.2206725862099,0.3065509008758662,119.09137295725249,200,0.021989071741700172,False
traffic_source_campaign_name_1098,target_business_002,125,87,20,0.2265617598594065,1.5315595884554452,626.2188730146197,0.17379873757965633,79.27336859886805,0.1810927568857066,80.8415521383458,200,0.036751650273799896,False
traffic_source_campaign_name_1099,target_business_002,176,123,27,0.23034343825310105,0.9245093546953294,539.5886019567074,0.13601486784061315,60.593826335820324,0.13753016684534505,59.123417279308875,200,0.014565108343958855,False
traffic_source_campaign_name_113,target_business_002,321,224,49,0.10275630018322492,0.2838410295892464,231.69638863751157,0.06412704126552538,38.335576862403954,0.05351573929250268,29.581716023521526,200,0.008159458637237549,False
traffic_source_campaign_name_114,target_business_002,151,105,24,0.5191315394670876,0.15828690826189035,30.377398778591903,0.14981229622130335,26.140212753360025,0.16455076492505047,28.623900118463997,200,0.049336664378643036,False
traffic_source_campaign_name_1141,target_business_002,100,70,15,0.27706528282264636,0.16217251270965394,26.022602255528266,0.16221665083037262,25.98803244908915,0.1655172645386797,25.103020385908064,200,0.036190181970596313,False
traffic_source_campaign_name_115,target_business_002,190,133,29,0.20302355422212418,0.3293203136161001,376.3029964069361,0.07164035064953243,46.57133253435292,0.08601377485429743,66.60114993243555,200,0.009594335220754147,False
traffic_source_campaign_name_116,target_business_002,102,71,16,0.24449504494899105,0.10481621400531135,20.66834755098649,0.045544268900080044,8.680632366911551,0.0658588097673818,13.405461185781178,200,0.020880194380879402,False
traffic_source_campaign_name_1161,target_business_006,157,109,25,0.17846135210889283,0.22152177088622682,95.77784549493457,0.03678761645554591,18.193394627328786,0.039680841304432446,20.60270473559658,200,0.02157856896519661,False
traffic_source_campaign_name_1174,target_business_002,116,81,18,0.171855809522244,0.40767369502895995,428.27975626768733,0.05987250047850694,54.93663636279664,0.057167434470348326,52.22529029077766,200,0.015781275928020477,False
traffic_source_campaign_name_1180,target_business_002,157,109,25,0.36624554599897313,0.35595339983668994,79.82644467789726,0.12073427617093978,26.38427655040823,0.10668921594699499,22.07638933021877,200,0.03075793944299221,False
traffic_source_campaign_name_1183,target_business_002,201,140,31,0.23485955780564324,0.37104016636533094,146.80653460414638,0.22814645593073113,84.8317017070961,0.2058110527456991,67.7358447203796,200,0.017109932377934456,False
traffic_source_campaign_name_1187,target_business_002,254,177,39,0.15916955544744152,1.3534053335882161,2430.408925482822,0.05455504456116895,83.71572175824996,0.05078522166450774,81.76967872125181,200,0.006905366666615009,False
traffic_source_campaign_name_1209,target_business_002,116,81,18,0.26688953715231045,0.20785753608116556,119.18420942387043,0.17772458547080114,79.57938371771237,0.1613188432981796,74.36130382804023,200,0.02162635698914528,False
traffic_source_campaign_name_1212,target_business_002,132,92,21,0.2875303492885374,1.6194287160730874,522.3669603310262,0.20462878408723412,57.88665430885918,0.17529835377374386,50.8394240299217,200,0.009246598929166794,False
traffic_source_campaign_name_1246,target_business_002,486,340,74,0.25972083683516,0.25046922637900165,147.31018522338493,0.14395318839644775,67.93690211637016,0.1292839713903667,62.68381588782742,200,0.02926052175462246,False
traffic_source_campaign_name_1254,target_business_002,173,121,27,0.2235961076068176,0.5410460996733312,497.54670238450905,0.15133382143763138,66.9687249624561,0.13332108623510286,56.34877834929915,200,0.031102025881409645,False
traffic_source_campaign_name_1256,target_business_002,554,387,84,0.08923872851930903,0.022037481485785184,46.69846608065946,0.018842290646661628,31.183742421846013,0.020111236788387995,37.75875652253653,200,0.004066301975399256,False
traffic_source_campaign_name_1257,target_business_002,551,385,84,0.21142030070599233,0.3215058262567647,185.81703081502445,0.0849273343558434,52.54776728843351,0.08234920713598766,48.162458742297545,200,0.008106103166937828,False
traffic_source_campaign_name_1265,target_business_002,128,89,20,0.26551466798409856,0.4669889171583477,138.4803687220385,0.07131875197048203,21.457496869103196,0.07960261651448224,23.107986733337246,200,0.027509236708283424,False
traffic_source_campaign_name_127,target_business_002,271,189,42,0.16564296064235282,0.7023762485673518,264.95481436414866,0.10069604806996636,30.000807966087663,0.12879655120404276,39.86005803131112,200,0.006797049660235643,False
traffic_source_campaign_name_1315,target_business_002,378,264,58,0.1139100742279049,0.22769587052948836,71.61202974705193,0.07804381039526298,28.196068581460253,0.11582902535790743,38.856037734413434,200,0.012201978825032711,False
traffic_source_campaign_name_1321,target_business_002,495,346,75,0.43049525639095054,0.19395654359466838,115.83819157081969,0.07152829748663775,52.7062080487928,0.08204667659204108,57.180511172353036,200,0.01748901791870594,False
traffic_source_campaign_name_1323,target_business_002,130,91,20,0.4581328800908206,0.38717009785632484,65.51110986627762,0.07828992768686617,12.671293028986128,0.08862554001975816,14.416818838160042,200,0.0221633929759264,False
traffic_source_campaign_name_1390,target_business_002,228,159,35,0.3266998016468692,0.5700178362039917,168.1747911166204,0.08147968425871212,20.650569820620913,0.08320309166325465,21.18261372978718,200,0.015116694383323193,False
traffic_source_campaign_name_1397,target_business_001,182,127,28,0.18281849265417371,0.25214978875116395,351.0977424233759,0.06201049357588193,67.52842864748298,0.0699932238965308,77.6315013162044,200,0.04719111695885658,False
traffic_source_campaign_name_1401,target_business_001,178,124,28,0.15269055477098495,0.20038912920499238,212.92372397404682,0.05166283053363661,54.35419850398736,0.05171791036366815,55.81605377847063,200,0.026576228439807892,False
traffic_source_campaign_name_1418,target_business_001,102,71,16,0.2140452105799752,0.14295811097505065,92.63253007734237,0.013120652328222585,7.799162983797303,0.021427810902896065,12.61236005825257,200,0.02837384305894375,False
traffic_source_campaign_name_1430,target_business_001,365,255,56,0.21725079199958489,0.27550401606774433,186.19938536383464,0.13492632277977742,63.35879181246329,0.13255690069909046,61.67237301683306,200,0.02345801331102848,False
traffic_source_campaign_name_1432,target_business_001,196,137,30,0.38537726858041715,0.803869368705568,258.5179803593236,0.12963447101436676,34.864961131902284,0.11724400472270723,30.532351640653506,200,0.025711970403790474,False
traffic_source_campaign_name_1433,target_business_001,103,72,16,0.22165865418047317,0.355148151731482,209.79931979926823,0.1069426425811281,57.30021997002345,0.08470797892172163,39.6507813715503,200,0.06242546811699867,False
traffic_source_campaign_name_1436,target_business_001,466,326,71,0.30756861826246656,0.18075028018506478,80.31725867861726,0.14435137720799623,53.69661676371239,0.15098628859629962,70.31540822039817,200,0.0257254671305418,False
traffic_source_campaign_name_1437,target_business_001,662,463,100,0.23582398342561245,0.28059183669477794,117.66337397854907,0.11876321449390183,60.02269213365108,0.11740455994200023,60.418236719602994,200,0.01358899474143982,False
traffic_source_campaign_name_1438,target_business_001,175,122,27,0.2722245166250468,0.39042735333684064,166.93054306110452,0.21869033300777357,57.0768487754288,0.2110855951289667,55.46892994498437,200,0.05089098960161209,False
traffic_source_campaign_name_1439,target_business_001,273,191,42,0.2143019822727416,1.058166395858349,615.3134246788311,0.15830019007744717,87.75586289490366,0.13266948990989574,73.45928112372185,200,0.021026812493801117,False
traffic_source_campaign_name_1440,target_business_001,432,302,66,0.24288999324926253,0.13144658364317408,40.73620772654369,0.10609172189855082,35.909066143232806,0.11187231684512862,38.45565261923481,200,0.011277264915406704,False
traffic_source_campaign_name_1447,target_business_001,168,117,26,0.15344828221119203,0.3450916311397236,226.78163820909168,0.10378947762112174,41.541819232103656,0.09220810372656413,35.95380139419201,200,0.018280839547514915,False
traffic_source_campaign_name_1463,target_business_002,259,181,40,0.26471674114478394,0.09461636850604843,33.447378012204155,0.08091314557986333,31.45468507781466,0.08755840560228483,35.18529903607222,200,0.013342313468456268,False
traffic_source_campaign_name_1473,target_business_002,333,233,51,0.2582998037694981,0.45562800240131546,279.26315678288853,0.06956419908102518,28.49844737014033,0.07721767265467046,33.61941198209548,200,0.013266315683722496,False
traffic_source_campaign_name_1478,target_business_002,418,292,64,0.26310774534659587,0.3509720745322611,120.49037696730937,0.08157518223217874,24.839281542762926,0.10385966915765855,31.185652635487415,200,0.01109559927135706,False
traffic_source_campaign_name_1484,target_business_002,436,305,66,0.22235526622304694,0.3937897831406594,190.94945347678834,0.059360036473693895,21.515385431183027,0.08319240148357371,29.384354507413885,200,0.00801367498934269,False
traffic_source_campaign_name_1487,target_business_002,229,160,35,0.3217591319092059,0.6581075017215947,181.0869540995671,0.12019486894683384,27.266113048473716,0.17730870194160397,37.283768036608244,200,0.011521587148308754,False
traffic_source_campaign_name_1501,target_business_002,411,287,63,0.16065352303051814,0.38615168243335335,242.15736078164727,0.08746479522234196,43.24799525037289,0.08097095410439775,43.92809695707197,200,0.012597761116921902,False
traffic_source_campaign_name_1502,target_business_002,259,181,40,0.31627148610281686,0.6061666711198953,222.5205212768082,0.14464455540208193,44.86445754117675,0.14454975844433288,45.778826924802694,200,0.014282925985753536,False
traffic_source_campaign_name_1506,target_business_002,411,287,63,0.2184785355719299,0.12238550809049502,48.14110562235306,0.12423191993415954,57.08690262015933,0.11792654844910125,53.84927460713504,200,0.010409760288894176,False
traffic_source_campaign_name_1539,target_business_002,162,113,25,0.3521175688445859,0.15152248418219283,31.94899035268725,0.1592694393721004,30.011749809021705,0.15363556693487004,30.08516584039733,200,0.027597306296229362,False
traffic_source_campaign_name_1558,target_business_002,116,81,18,0.25077313484835245,0.29457213748328287,53.00193558326934,0.10477203478490175,19.166341711071517,0.15452834487492487,26.143737353984125,200,0.01302868127822876,False
traffic_source_campaign_name_1559,target_business_005,132,92,21,0.2858437919276854,0.43146481783952534,120.94658651521321,0.06962403633948809,18.694823720794155,0.07370213290473183,19.086020568065962,200,0.008415955118834972,False
traffic_source_campaign_name_1571,target_business_004,102,71,16,0.18862859892024095,0.2716050379914395,144.7368920941403,0.05629228210246173,30.301408501545673,0.057009705351202346,32.03671623918199,200,0.018471110612154007,False
traffic_source_campaign_name_1572,target_business_004,102,71,16,0.2628537012057125,0.107197488309325,35.53012618080253,0.08359481950586964,38.730445665776465,0.07521876088118959,36.53145425337091,200,0.019883068278431892,False
traffic_source_campaign_name_1591,target_business_001,133,93,21,0.1768553087986763,0.26142251764018365,183.13157249090622,0.049055055131276,32.92860729533994,0.053948170032317784,36.7413264280637,200,0.021454472094774246,False
traffic_source_campaign_name_1592,target_business_001,676,473,102,0.12719414697976855,0.08054411739579798,56.2636685234294,0.06212058668338792,63.862261031811904,0.060820656964378265,65.90069355205863,200,0.007213933393359184,False
traffic_source_campaign_name_1593,target_business_001,225,157,35,0.42344685287984263,0.27763481259775635,120.83997088414145,0.10280181872053401,24.454514447583858,0.1366748074730614,36.892031167369375,200,0.010880990885198116,False
traffic_source_campaign_name_1597,target_business_001,101,70,16,0.3580105923522325,0.45193421742967743,121.12808507555073,0.04503224715447155,11.920913489747258,0.06777308710801394,18.38397120011796,200,0.0540122352540493,False
traffic_source_campaign_name_1598,target_business_001,345,241,53,0.22222349063182467,0.06108821977606286,34.04778049800374,0.07716523092698006,44.02058412761878,0.08346638557182365,52.47345042031027,200,0.040241047739982605,False
traffic_source_campaign_name_1602,target_business_001,203,142,31,0.3867702518699559,0.36736371282631586,196.46437711363615,0.1267780539788726,41.875636361299755,0.21498334667372984,70.25408446864061,200,0.04221942648291588,False
traffic_source_campaign_name_1611,target_business_001,150,105,23,0.1717887455015109,0.7908842049440494,456.8096506905311,0.0650695491341881,49.7351244414504,0.09449882855376322,65.32476683377669,200,0.005039324518293142,False
traffic_source_campaign_name_1635,target_business_001,157,109,25,0.551074719150377,1.1075526327642387,157.17021250055043,0.15478450408820593,23.086689670769488,0.16127793235787125,23.896660673625465,200,0.030222047120332718,False
traffic_source_campaign_name_1686,target_business_005,370,259,56,0.25615170767144363,0.25723468171789243,86.7370601724545,0.09539560189099515,26.430209030943892,0.10528068623309111,31.668128294860697,200,0.00488557992503047,False
traffic_source_campaign_name_1697,target_business_002,148,103,23,0.1748589846295769,0.12267454650798976,54.51126438761168,0.07623918198723181,31.410569548438055,0.06848187694898449,27.364624995640984,200,0.017140233889222145,False
traffic_source_campaign_name_1704,target_business_004,130,91,20,0.26872730805392353,0.9644830405566411,151.34193001912678,0.008407048067278766,1.3116303701345902,0.010809061800786982,1.6821092601499856,200,0.0099800955504179,False
traffic_source_campaign_name_1724,target_business_004,122,85,19,0.146120045576408,0.057865764859912634,93.16190579130482,0.05748215220179163,70.48241135172479,0.04961813761589045,59.142400563685,200,0.013280042447149754,False
traffic_source_campaign_name_1729,target_business_004,212,148,33,0.13152408689511697,0.3125953454325314,141.37923084610912,0.041879516309139435,21.658479615096454,0.056624641821668896,27.824541737859914,200,0.005958779249340296,False
traffic_source_campaign_name_1733,target_business_004,136,95,21,0.09633927777197636,0.18072174391938273,120.53892425075378,0.05478656928994661,44.35328711006339,0.0750211098735812,59.77289264664114,200,0.01711142063140869,False
traffic_source_campaign_name_1752,target_business_004,130,91,20,0.15988628611509823,0.1921464690224338,86.11738731152442,0.07440642016823987,28.521087699167136,0.08895474444366942,32.20417347597198,200,0.00652095302939415,False
traffic_source_campaign_name_1754,target_business_004,108,75,17,0.3415706028542136,0.25747271078850303,52.667325844625715,0.0661682341883358,13.406431114558204,0.07901361137073852,16.405209224517044,200,0.011283676140010357,False
traffic_source_campaign_name_1756,target_business_004,101,70,16,0.22144068559383273,0.05335626611639389,14.194984099858177,0.060922485047041786,17.360477004236905,0.07619420079526462,21.61412450728562,200,0.012636974453926086,False
traffic_source_campaign_name_1770,target_business_004,173,121,27,0.304423285032644,0.25479510580547043,43.48203235263446,0.08194305797645952,16.43990438225294,0.13504528341023792,24.88988275609428,200,0.005198732949793339,False
traffic_source_campaign_name_1907,target_business_003,184,128,29,0.4902017805789699,0.19462472376683992,45.7542605668608,0.052924443893819506,12.01373918408307,0.05510644156210143,12.504626494387983,200,0.027648160234093666,False
traffic_source_campaign_name_1919,target_business_004,182,127,28,0.2674735484403325,0.24678617006956355,113.7595360206399,0.051491437319905665,24.505038141897995,0.04540313553608147,22.513606730774008,200,0.01063238363713026,False
traffic_source_campaign_name_1921,target_business_004,181,126,28,0.4171096692775191,0.2687413325069654,50.67875941133618,0.05449776077437324,10.637397876258312,0.05277810372800019,10.177777438661435,200,0.009755262173712254,False
traffic_source_campaign_name_1943,target_business_002,201,140,31,0.4093512487179594,0.21816988998731823,42.58421214380183,0.1368812072674704,27.722528355416216,0.12638211927960039,25.65920762601201,200,0.016131412237882614,False
traffic_source_campaign_name_1983,target_business_002,196,137,30,0.22079073355210518,0.15675191984353506,40.83235378282723,0.12291759902185931,25.389699596667057,0.2068193099903578,41.357238200417115,200,0.016915302723646164,False
traffic_source_campaign_name_2000,target_business_002,210,147,32,0.5195194029503203,0.33326648457496005,50.35991286383437,0.07832563593429841,9.060697000773484,0.15007130434389607,17.14128195508224,200,0.021627012640237808,False
traffic_source_campaign_name_2022,target_business_005,276,193,42,0.15696237441203437,1.0437180487331028,540.9767183900624,0.037065744809053204,18.500346814248108,0.03933584060131858,19.94557639038822,200,0.01618417538702488,False
traffic_source_campaign_name_2028,target_business_005,246,172,38,0.19795509191973554,1.1923841540432043,715.5781714176568,0.12963832199546485,67.44004994426102,0.11331029269715116,62.460985207682775,200,0.02062595821917057,False
traffic_source_campaign_name_2036,target_business_001,136,95,21,0.2426086903897361,0.6591458119611344,224.48680080624416,0.11590424702116786,53.935871150638626,0.12955460494211402,58.568636342056045,200,0.0212230384349823,False
traffic_source_campaign_name_2038,target_business_002,117,81,19,0.19276659673647886,0.2662261181827042,174.60744014493497,0.07146539644909801,41.8992743527746,0.07680174539935497,45.31228785457021,200,0.024298500269651413,False
traffic_source_campaign_name_2042,target_business_002,125,87,20,0.3121122842481795,0.1432511587941648,42.523261364906496,0.0105031391057592,2.917698635715778,0.019735221635168013,5.424371747052971,200,0.03264501690864563,False
traffic_source_campaign_name_2068,target_business_005,112,78,18,0.27720461077629543,0.22771352243068627,34.97964561067825,0.06247986841280063,11.435316885213505,0.10769195287331909,19.25442711594653,200,0.01719673164188862,False
traffic_source_campaign_name_208,target_business_002,209,146,32,0.105955369734388,0.27601512991383537,212.72181235616907,0.08379766402816913,53.29023754908624,0.10841428288836837,90.2494856474225,200,0.003664134070277214,False
traffic_source_campaign_name_2100,target_business_002,548,383,83,0.11731313971146563,0.25778999553103077,205.1695785967481,0.07142374826552247,61.1097817278645,0.06534105637868573,58.90387770072436,200,0.021917030215263367,False
traffic_source_campaign_name_2105,target_business_002,514,359,78,0.16936019241804495,0.12311463706601283,59.87030337647417,0.10299122253209084,45.569884465348274,0.10012399174618465,43.42971192159126,200,0.015880996361374855,False
traffic_source_campaign_name_211,target_business_002,214,149,33,0.1953515346271461,0.4123298132559275,220.08808364232527,0.16217398998697027,101.86215343696026,0.15994181254144635,130.84371453239245,200,0.027107132598757744,False
traffic_source_campaign_name_212,target_business_002,208,145,32,0.354999688157221,0.30474951885598,58.23732938420015,0.11371408484954112,22.081167037859533,0.10131663557651144,19.49019998457405,200,0.02278141863644123,False
traffic_source_campaign_name_2147,target_business_002,269,188,41,0.17346809164710056,0.9832442803472505,721.454860662487,0.10854115448317654,51.73776415600745,0.11435514122056227,55.55210433171634,200,0.016580479219555855,False
traffic_source_campaign_name_2155,target_business_002,116,81,18,0.252873544693615,0.6379654308104972,273.95315487934755,0.11920547533092661,36.93586644579044,0.16116846205088536,49.679034444267074,200,0.020199663937091827,False
traffic_source_campaign_name_2156,target_business_002,244,170,38,0.10735925143703595,0.09633218277529335,60.35156339805183,0.04645913900706009,35.94978220210081,0.06557105827027152,41.23642005684643,200,0.007808279246091843,False
traffic_source_campaign_name_2159,target_business_002,166,116,26,0.1608638877679153,0.10029054829153744,105.79426869508973,0.03149560874893861,32.05113295528418,0.03062612855507668,30.76738000946206,200,0.006886892020702362,False
traffic_source_campaign_name_2175,target_business_002,178,124,28,0.22932964740133077,0.7716831916432709,381.27453562159167,0.07431475097348668,43.857338902309344,0.07701244751633941,46.14053126694493,200,0.027518058195710182,False
traffic_source_campaign_name_2183,target_business_002,604,422,92,0.29725562672225186,0.06734676821098425,30.12036634431053,0.07198570147085821,32.66808065356287,0.06730663983334538,31.167656802009606,200,0.013147319667041302,False
traffic_source_campaign_name_2194,target_business_005,110,77,17,0.08617368320236402,0.7136113969127362,790.0949268955933,0.04330056005910087,28.182304553153465,0.06540944098819923,37.97421659639818,200,0.010456562042236328,False
traffic_source_campaign_name_2218,target_business_005,117,81,19,0.09404626939659745,0.03854497377681488,33.54184591631613,0.02719751949205528,26.076409064752543,0.03204739345179994,30.98049473219426,200,0.044708508998155594,False
traffic_source_campaign_name_2219,target_business_005,255,178,39,0.2672548073970438,0.11766377111499222,22.38285781051194,0.10047210728979701,21.277765890028526,0.09848850818104307,19.85506976392085,200,0.012770120054483414,False
traffic_source_campaign_name_2271,target_business_005,103,72,16,0.16647171177405756,0.2574687767736007,98.5839176383939,0.09992634557663208,34.45204768442156,0.10549788664788785,43.55861815322948,200,0.02623925916850567,False
traffic_source_campaign_name_2283,target_business_005,291,203,45,0.2487387476093247,0.37339921349614286,86.62678288694701,0.0245932818655506,5.625387335796177,0.030090198102259626,6.772649705132726,200,0.01164557971060276,False
traffic_source_campaign_name_2301,target_business_001,116,81,18,0.2642228006907253,1.4244111903671546,568.6629855470213,0.07513797556441022,22.828397000983493,0.10931831619023688,37.94615251225368,200,0.028914930298924446,False
traffic_source_campaign_name_2331,target_business_001,411,287,63,0.17962354416139995,0.2264824645355886,160.52950245602375,0.06304931059344557,37.33953458306961,0.061670842654854854,35.72377684619566,200,0.01114198099821806,False
traffic_source_campaign_name_2333,target_business_001,108,75,17,0.207715036943361,0.2827967169902725,247.5132728205849,0.05274671731279737,42.15803275627004,0.052028270358309286,39.480124322137,200,0.039491765201091766,False
traffic_source_campaign_name_2335,target_business_001,543,380,82,0.13676291628823448,0.06282156674208669,63.91562257912887,0.03690334587557345,30.744141038551277,0.03493844216634532,28.866333457259643,200,0.009526478126645088,False
traffic_source_campaign_name_2343,target_business_004,542,379,82,0.022808788856258054,0.03260017204584622,46.537178329780225,0.039173054402400875,68.93524191001768,0.04865475992575354,116.75772252450143,200,0.01524155680090189,False
traffic_source_campaign_name_2345,target_business_004,522,365,79,0.22123940656174354,0.06351837530823908,28.642527303960886,0.025585678456141396,10.824123337050928,0.02689853948601988,10.953793815195416,200,0.007019519805908203,False
traffic_source_campaign_name_2457,target_business_004,250,175,38,0.25467244100046327,0.9957682595256961,702.4698375915146,0.09090097115894494,54.76103055551002,0.10312869877537346,66.19340527292785,200,0.016040384769439697,False
traffic_source_campaign_name_2459,target_business_004,228,159,35,0.15793968302256645,0.06788228804399785,37.00741014649683,0.06693117623544409,33.37188673865842,0.07165162409580011,39.52068068637604,200,0.010321034118533134,False
traffic_source_campaign_name_2481,target_business_002,144,100,23,0.18030118149005853,0.10530224651791364,41.28831678040965,0.10867775862080721,55.58369411124241,0.10008613898664148,50.42636090563938,200,0.05380962789058685,False
traffic_source_campaign_name_2581,target_business_002,216,151,33,0.2136895040042765,1.0092937203111159,506.9091018943496,0.14143634081615614,54.416426817443195,0.1587367513728418,62.12384433636934,200,0.020044151693582535,False
traffic_source_campaign_name_259,target_business_004,280,196,42,0.1696024174895975,0.35017835644610085,203.68668797171358,0.06528709711224619,32.3471082608956,0.05742999729965759,27.63348824561446,200,0.009360050782561302,False
traffic_source_campaign_name_2742,target_business_001,268,187,41,0.15168009929981574,0.07181374309676615,48.18321589965072,0.05102605672078507,34.78215415819064,0.062214617883707794,44.5411076391075,200,0.023912545293569565,False
traffic_source_campaign_name_2744,target_business_001,115,80,18,0.2943935411164589,0.1528940689996084,82.42367069192618,0.10879336082875077,49.48781783690652,0.09106400123788892,42.042497737601295,200,0.01733490452170372,False
traffic_source_campaign_name_2748,target_business_001,308,215,47,0.21227159412963537,1.0636655746825914,301.2892655117535,0.09197419805807577,28.224848627814332,0.08433701186049503,25.464950602068647,200,0.010656957514584064,False
traffic_source_campaign_name_2749,target_business_001,103,72,16,0.16665539776020136,0.04533656578739648,37.240443182498204,0.043928291345085184,33.63005727677494,0.06035614655451628,47.69295102305476,200,0.0022593513131141663,False
traffic_source_campaign_name_2754,target_business_002,299,209,46,0.18191755683255872,0.6515854644312441,527.8854433681599,0.0757715525055617,59.588140108007494,0.06928347659633222,56.12114485808568,200,0.016266386955976486,False
traffic_source_campaign_name_276,target_business_004,282,197,43,0.21844456706276041,0.284519788418845,102.2117250302353,0.029633405261211002,9.755408034841816,0.036097051385960754,12.087801587025252,200,0.0210330281406641,False
traffic_source_campaign_name_2767,target_business_004,104,72,17,0.11928438859839187,0.2819449049004362,460.8359840553146,0.014304533650189315,24.332164208282656,0.010906352957210493,18.54431470881291,200,0.0073453886434435844,False
traffic_source_campaign_name_2768,target_business_004,328,229,50,0.32567370536787665,0.3051717149277648,98.20546274854321,0.07648348805604067,33.45846536680618,0.07263146451742923,31.929670368168512,200,0.011605916544795036,False
traffic_source_campaign_name_2769,target_business_004,130,91,20,0.2653710758278616,0.592585438028536,488.06346309698563,0.04445285603335387,33.956316005069425,0.06496205935190598,45.88731743383852,200,0.01689838245511055,False
traffic_source_campaign_name_2773,target_business_004,184,128,29,0.38287585062705487,0.24402564336161295,32.04915476668842,0.05676450170129388,9.14499789946452,0.08744732702940387,12.804101577739377,200,0.008173545822501183,False
traffic_source_campaign_name_2781,target_business_004,139,97,22,0.38708202424672167,2.207560064146074,607.3099703262599,0.18436436362711192,55.029066679475115,0.18115083752329147,54.568901487942135,200,0.027176646515727043,False
traffic_source_campaign_name_2783,target_business_004,315,220,48,0.3191789819908662,0.6109889859571738,224.68868496880475,0.07209914137461514,27.735206201229843,0.07149653486284484,28.757968745084266,200,0.012539894320070744,False
traffic_source_campaign_name_2784,target_business_004,161,112,25,0.3230733931867008,0.3297703603177775,169.16496793764105,0.15406184935514566,72.16989516927987,0.1480082161866959,68.54060373025327,200,0.024882974103093147,False
traffic_source_campaign_name_291,target_business_004,337,235,52,0.17721178757735834,0.8962354541445113,451.4435197350769,0.06959818971180448,29.396812117372768,0.060315999538548444,24.886542741019042,200,0.006255659740418196,False
traffic_source_campaign_name_292,target_business_004,346,242,53,0.3081591913669392,0.5784833948194746,133.16693689823012,0.10007896842758765,23.52761391810339,0.11223043770888667,25.94144343849138,200,0.012067923322319984,False
traffic_source_campaign_name_294,target_business_004,118,82,19,0.25336389263326453,0.6311344218952478,111.30765384747237,0.13633165890882856,22.516911678272695,0.13445006580615268,21.155068483175132,200,0.014174860902130604,False
traffic_source_campaign_name_310,target_business_004,140,98,21,0.10333775591825194,0.41647116044549864,337.6189124184359,0.019763103967374546,16.07481833937493,0.018031737279273062,14.627628416480661,200,0.017091235145926476,False
traffic_source_campaign_name_312,target_business_004,261,182,40,0.28989934066725953,1.2089454401901292,399.6336625860916,0.10886745667281059,26.65213405992062,0.1348769627041488,30.794987693250697,200,0.014354104176163673,False
traffic_source_campaign_name_313,target_business_004,178,124,28,0.41694717258550257,0.5603346133931811,115.91507323757966,0.06825970783358412,14.296731355568234,0.06319487278464934,13.2002818375046,200,0.026160238310694695,False
traffic_source_campaign_name_315,target_business_004,238,166,37,0.41104561431016023,0.7871305996231005,131.72346223402974,0.12780542749235432,21.456631884651653,0.12654678466639607,22.24130319721046,200,0.009733633138239384,False
traffic_source_campaign_name_336,target_business_002,119,83,19,0.18578990314362398,0.16042057121131756,35.98814381329867,0.1314424704216725,30.57770247231279,0.1298345123449706,30.01883826107093,200,0.04872651398181915,False
traffic_source_campaign_name_340,target_business_002,107,74,17,0.22388213754826383,0.33090485832213157,114.24822090269996,0.08631793412685981,29.55589060121869,0.07659685228330956,25.970671448531185,200,0.02427765540778637,False
traffic_source_campaign_name_355,target_business_002,171,119,27,0.15148394370053955,0.19670868215310344,123.53819498607348,0.057237713254695705,33.88527820186235,0.055725656226170074,34.32027903242041,200,0.013160507194697857,False
traffic_source_campaign_name_356,target_business_002,110,77,17,0.19057221308296055,0.24258116368659025,89.18743091538394,0.07387319284146787,36.33089644015697,0.07520211689817503,38.28572182625223,200,0.024625170975923538,False
traffic_source_campaign_name_359,target_business_002,156,109,24,0.2982333138568745,0.6554361920407964,247.03323912340971,0.20360350128290847,81.15083790814136,0.23329793906041957,86.60283880008033,200,0.01587771065533161,False
traffic_source_campaign_name_363,target_business_002,241,168,37,0.14740427036192214,0.1818065470473639,130.9650587959034,0.08325533189322422,35.15477641767214,0.08240509754011575,31.45277458991003,200,0.011627146042883396,False
traffic_source_campaign_name_369,target_business_002,108,75,17,0.20895755265952176,0.2266893899886432,88.97462864823066,0.07416270355959075,34.31336367234126,0.08364478148670758,40.377063115101684,200,0.030511779710650444,False
traffic_source_campaign_name_370,target_business_002,141,98,22,0.28491469921685314,0.31723137773260957,144.05745191578345,0.06801591766124102,22.784582448883683,0.06661339129734735,22.938163988268347,200,0.02243918925523758,False
traffic_source_campaign_name_373,target_business_002,108,75,17,0.19574387617539385,0.8432094627151774,443.31598874554794,0.09315019221915112,57.713020156818814,0.08045075509135742,48.90231769050632,200,0.02048077993094921,False
traffic_source_campaign_name_392,target_business_002,184,128,29,0.2034314507391963,0.15054042225399916,31.875544098100058,0.10214585003896381,21.06886927367169,0.16550280045413673,32.58820667781122,200,0.018785985186696053,False
traffic_source_campaign_name_396,target_business_001,317,221,49,0.18555052326472438,1.2549495069752032,1079.1935750737296,0.08935804143610493,52.075815620315524,0.1014100409418487,64.8428140837205,200,0.021079273894429207,False
traffic_source_campaign_name_405,target_business_001,119,83,19,0.20472612360008752,2.5689064480417,2150.3868166354487,0.026836748938075777,18.5706350299677,0.030919419382721792,20.045814182820763,200,0.013475651852786541,False
traffic_source_campaign_name_408,target_business_001,304,212,47,0.2424471768707603,0.9736866274189542,492.43135221715556,0.12256216792659806,64.0445212747543,0.10203100602665448,48.73851909143512,200,0.02400185540318489,False
traffic_source_campaign_name_411,target_business_001,150,105,23,0.29210537555677585,0.8337907217381022,429.923322950677,0.07694917322594425,43.63210074584467,0.07438368318222402,43.75973455856106,200,0.02989068627357483,False
traffic_source_campaign_name_498,target_business_001,258,180,40,0.2306402400361789,1.113072660560325,444.91955062669876,0.1561867073239203,51.36199815483556,0.15014393462658343,54.02301012476596,200,0.022375093773007393,False
traffic_source_campaign_name_500,target_business_001,393,275,60,0.18350153240426303,0.12939034090334192,85.68200057330306,0.07225559561204746,37.11757171939079,0.07209957230543788,38.908849470831925,200,0.011155215092003345,False
traffic_source_campaign_name_502,target_business_001,104,72,17,0.27605327843403393,0.7620939640173204,396.7712212726689,0.02551330879259699,12.032557839831975,0.03442631102516422,16.918451333106724,200,0.016621993854641914,False
traffic_source_campaign_name_515,target_business_001,183,128,28,0.21979459264542517,0.4292326107382163,111.88048798003403,0.10783058502431475,24.862230370308662,0.12272578992220455,26.764141471570973,200,0.011486642993986607,False
traffic_source_campaign_name_524,target_business_001,154,107,24,0.2467260961369794,0.34531577395228524,74.10141476147996,0.1326827256033417,34.41017385405543,0.20133797355319027,49.16182484060177,200,0.01673193648457527,False
traffic_source_campaign_name_527,target_business_001,241,168,37,0.15620527238619097,0.18224725859537413,52.240778830438316,0.08944461379653416,28.498434870585804,0.1334849432981432,41.136212364685804,200,0.019025804474949837,False
traffic_source_campaign_name_529,target_business_001,120,84,18,0.2992349726510375,0.4590229644059447,80.62662849037977,0.13000536070064064,30.761364625963328,0.19170211753085237,49.25411379697933,200,0.017875269055366516,False
traffic_source_campaign_name_530,target_business_001,166,116,26,0.31355928993568355,0.4983398831928346,116.39282311655452,0.12319186004807348,26.8706768076258,0.12954760487386296,26.591779668845273,200,0.012243011966347694,False
traffic_source_campaign_name_531,target_business_001,199,139,31,0.18388593379577328,0.10022419837677271,58.13347098452082,0.07348965720940806,40.1213826184758,0.06639135810648242,35.165885780303995,200,0.022289415821433067,False
traffic_source_campaign_name_545,target_business_001,283,198,43,0.1903207238084088,1.2476911934881203,853.7024808658579,0.08157307520203619,63.883802448959905,0.08724310708227803,62.874114974393954,200,0.017790334299206734,False
traffic_source_campaign_name_546,target_business_001,185,129,29,0.1763005872840633,0.12895615964786503,82.40996326097331,0.09751540688445602,56.45412668021614,0.10443987904424258,58.3112672318554,200,0.0080701420083642,False
traffic_source_campaign_name_549,target_business_001,163,114,25,0.20529325173350774,0.5252273953575274,127.50674896912358,0.22386576601059585,56.32749603642881,0.19538035969363624,49.12548216599362,200,0.013388878665864468,False
traffic_source_campaign_name_552,target_business_004,432,302,66,0.21634895300668977,0.22360959057026944,70.21515304432428,0.08072428649230147,21.963100045338436,0.10861848867181607,27.430753591574202,200,0.022260811179876328,False
traffic_source_campaign_name_555,target_business_004,363,254,55,0.2565801586683501,0.5606682191412758,194.79861464285085,0.061590531944238316,19.441433274143037,0.06114316229852005,18.61458090576662,200,0.008123939856886864,False
traffic_source_campaign_name_557,target_business_002,250,175,38,0.20155147943512938,0.9349499407802471,935.4594109086612,0.08883958922957493,65.65663121833325,0.0844221756791713,62.61445607551561,200,0.02108881250023842,False
traffic_source_campaign_name_558,target_business_002,102,71,16,0.15267470073006095,0.3385202353240777,453.2016217241174,0.13548721091000504,219.1184573001122,0.12431292869711989,163.8035049027245,200,0.018347322940826416,False
traffic_source_campaign_name_561,target_business_002,128,89,20,0.18587248895842645,0.6438401493084833,476.72690707836705,0.09770341181265328,55.56148149176592,0.076595949898949,41.48991856774838,200,0.01128295436501503,False
traffic_source_campaign_name_562,target_business_002,153,107,24,0.219562224672126,0.20230581564192412,111.21839791083963,0.13564819188321736,56.46801316650358,0.12057676646198148,49.48780103033095,200,0.028466233983635902,False
traffic_source_campaign_name_566,target_business_002,118,82,19,0.37022522219355614,0.3880890770284421,310.6290848851654,0.04942188375470096,25.43364297822155,0.05570970393487123,32.27005699437623,200,0.06464587152004242,False
traffic_source_campaign_name_568,target_business_002,319,223,49,0.19675511949138716,1.1169912680542344,720.0891000876594,0.08901434833074202,39.930895623594076,0.09586996479061034,45.66870361804662,200,0.01154602412134409,False
traffic_source_campaign_name_570,target_business_002,311,217,48,0.15673719098156932,0.1233740542066528,72.96679790496206,0.08451083223476674,47.43113919414698,0.08367887917501018,48.62428096187702,200,0.013284795917570591,False
traffic_source_campaign_name_571,target_business_002,322,225,49,0.26668503738422056,0.5061073671746766,206.9436510279932,0.12028682583244604,57.89066581597642,0.10777765816063832,54.310965725685314,200,0.024191292002797127,False
traffic_source_campaign_name_572,target_business_002,249,174,38,0.4195692490915637,0.18433683134339116,44.00841335699734,0.15548488273449151,38.54578880331402,0.1713577395913077,42.69581682627768,200,0.02806413546204567,False
traffic_source_campaign_name_574,target_business_002,360,251,55,0.1147253392893748,0.07783314373617355,39.892902538319895,0.09097413652297454,64.49706757235899,0.09135181372126396,68.80997474253962,200,0.019179705530405045,False
traffic_source_campaign_name_576,target_business_002,128,89,20,0.2665377378210621,0.48466049954685186,97.28750551285455,0.0879085861723476,19.450922587932894,0.12311359110981795,23.440835538829806,200,0.014371398836374283,False
traffic_source_campaign_name_582,target_business_001,142,99,22,0.21129411848249394,1.3273122606764136,953.8594200549793,0.05795515420256686,34.72002662611827,0.0521642815673321,28.850465467742588,200,0.017963452264666557,False
traffic_source_campaign_name_583,target_business_001,509,356,77,0.24512354982359874,0.23422687511382956,94.41973851784314,0.06776798491408721,30.038492534513413,0.06946654573711054,32.95573747570856,200,0.020391520112752914,False
traffic_source_campaign_name_585,target_business_001,298,208,46,0.13789439612826604,0.28324564039515315,256.038232572903,0.06067893110691265,46.50646650077031,0.06424975250143476,48.87294373397219,200,0.02152545563876629,False
traffic_source_campaign_name_601,target_business_001,107,74,17,0.16450072106724548,0.14133430463116847,166.27686647067864,0.10743090422035664,45.039000279891866,0.11034292268620682,41.89212303469477,200,0.0223089512437582,False
traffic_source_campaign_name_606,target_business_001,507,354,77,0.18224203446189446,0.09356514823614748,36.00078164534967,0.0636952189827769,30.823626568092905,0.06394244928059968,31.839838438156743,200,0.014619862660765648,False
traffic_source_campaign_name_617,target_business_005,193,135,30,0.21681099064075318,0.44927535661954027,276.7240768897659,0.07748822035143006,50.35179343403483,0.09555062717615434,58.348123803781384,200,0.006764816585928202,False
traffic_source_campaign_name_641,target_business_001,106,74,17,0.4922606324088495,0.21214152030773548,48.86593233932819,0.08737707969014458,31.964905106484988,0.10838200934462235,35.59342274450926,200,0.031524594873189926,False
traffic_source_campaign_name_651,target_business_001,166,116,26,0.1801068226311009,0.04142150742845901,31.602614659431516,0.011156859618521997,9.253021307992352,0.014344533795242568,12.111810702622213,200,0.0323798730969429,False
traffic_source_campaign_name_665,target_business_002,526,368,80,0.14465251468273654,0.07867995270246611,60.07398541486799,0.03946995943788009,23.70319721465622,0.03797741545166918,22.95649014714588,200,0.0052925338968634605,False
traffic_source_campaign_name_668,target_business_002,378,264,58,0.21150801003598135,0.25742011473619897,77.83042841796566,0.06203962670095442,20.883229400613505,0.09101412060166508,28.804632643674594,200,0.018737269565463066,False
traffic_source_campaign_name_669,target_business_002,117,81,19,0.334009097357598,0.8157990011256078,275.3185180426385,0.10454875115618102,34.77734993183847,0.08971305613641839,29.754307811327212,200,0.019527461379766464,False
traffic_source_campaign_name_675,target_business_002,139,97,22,0.20744535366579517,1.1759065322996893,477.6640121051029,0.07249219433121222,37.30343001220939,0.13843490083481683,76.98705641190044,200,0.019707579165697098,False
traffic_source_campaign_name_676,target_business_002,112,78,18,0.28368171925420704,0.13156346800863886,69.75565887493548,0.06299481732869851,26.22420098021096,0.08266564930006422,37.68100893883734,200,0.041119012981653214,False
traffic_source_campaign_name_681,target_business_002,173,121,27,0.18700645620120607,0.43911382760565354,298.09559526790525,0.07331625880922571,26.901217090351686,0.08688647864653053,35.90597642343416,200,0.015837639570236206,False
traffic_source_campaign_name_696,target_business_002,142,99,22,0.27832571187942295,0.45978667337370205,176.15403524236677,0.049223043726106155,20.918297702889088,0.061872113266184955,24.494452961586955,200,0.027585700154304504,False
traffic_source_campaign_name_704,target_business_002,107,74,17,0.23359647328805805,0.13327625270623433,61.29144197752051,0.040304036534560383,15.141869847995833,0.04587136352337346,16.537972663324204,200,0.028520531952381134,False
traffic_source_campaign_name_740,target_business_002,166,116,26,0.3250522102840932,0.678762584654318,190.32910652149604,0.13304587244702554,31.328726903116237,0.17360891486102215,42.27015274711843,200,0.021110136061906815,False
traffic_source_campaign_name_793,target_business_004,248,173,38,0.26194345223681853,0.2415400891761924,94.19398108830046,0.1290059273948048,43.286044388589424,0.12901541389672044,44.215676544439816,200,0.01815582811832428,False
traffic_source_campaign_name_796,target_business_002,123,86,19,0.18126310497016196,0.17039902631532788,125.14765302406641,0.14425608415492108,121.3198625685743,0.1419408701574924,92.49486724233633,200,0.024245193228125572,False
traffic_source_campaign_name_800,target_business_002,117,81,19,0.21506288538985335,0.44059709037224754,134.74464678125017,0.3037513425049865,84.9291855005751,0.27814936651624117,84.93931827416397,200,0.016497226431965828,False
traffic_source_campaign_name_838,target_business_006,129,90,20,0.21267385435671632,0.1250158655037461,45.98485019439055,0.1052940156952329,52.67158784268817,0.11813269875365205,66.36663996788415,200,0.02661924809217453,False
traffic_source_campaign_name_840,target_business_002,108,75,17,0.47499304545398036,1.0412362558709838,234.38678184340947,0.07632847369860633,18.007132270167638,0.07408429775625144,17.43634842437395,200,0.05800812318921089,False
traffic_source_campaign_name_842,target_business_002,103,72,16,0.3049081495697549,1.2672027085178585,669.2744439973345,0.10924176356589152,65.60580016853433,0.10079774889731288,59.82776443077553,200,0.02276797406375408,False
traffic_source_campaign_name_855,target_business_002,206,144,32,0.3773481194178848,1.6595840302179514,480.10528931741175,0.16393805309734516,45.3425546707483,0.16511503107880324,44.82422558916259,200,0.034656159579753876,False
traffic_source_campaign_name_859,target_business_002,342,239,52,0.12774361845308768,0.08165552620398789,41.56215773750648,0.09835619616557767,55.88918067956433,0.08284933536042237,48.16739180318565,200,0.016104796901345253,False
traffic_source_campaign_name_860,target_business_002,186,130,29,0.13162596673641627,0.7442053909649679,487.6706595484399,0.04420190818813139,21.430095668922718,0.04227167277786721,20.98475913392049,200,0.00812308769673109,False
traffic_source_campaign_name_874,target_business_002,173,121,27,0.41365871325713127,1.0882595033748554,253.86390925246306,0.20037674313990106,54.35383791873224,0.18479973973395028,50.65194834176832,200,0.040799692273139954,False
traffic_source_campaign_name_881,target_business_006,390,273,59,0.10359699657817506,0.42448118638636495,471.0326357774272,0.04742905673712029,28.658405754448346,0.0462023587387781,26.722314762339245,200,0.00685122050344944,False
traffic_source_campaign_name_889,target_business_002,106,74,17,0.29090053477698075,0.17829528628315408,42.7806821186527,0.18145576704458993,47.81320971070152,0.20313124246954878,56.38999197579652,200,0.052208736538887024,False
traffic_source_campaign_name_897,target_business_002,258,180,40,0.36546067452794445,0.3924107446267133,153.15358006513742,0.15203480901478886,48.6356357903329,0.1475610660303894,50.53441749670126,200,0.017735037952661514,False
traffic_source_campaign_name_909,target_business_002,235,164,36,0.16867324978443607,0.35078039314404097,222.18728284954145,0.15069091347282887,67.05582216503024,0.12230308906846644,58.185720506136704,200,0.016003569588065147,False
traffic_source_campaign_name_919,target_business_002,117,81,19,0.2268343112463743,0.3274142207107887,153.92009140217382,0.11707843588799326,41.94646151767662,0.13168120674389705,50.29840834654918,200,0.024491358548402786,False
traffic_source_campaign_name_923,target_business_002,128,89,20,0.18144555069404153,0.2370988087865019,75.84209161214382,0.24737449324617422,93.16418313191012,0.26706232115540957,102.15651573155553,200,0.014533412642776966,False
traffic_source_campaign_name_925,target_business_002,129,90,20,0.18227331589126,0.13764148207960453,67.64489104374837,0.10456877534360637,42.809334356043415,0.09991204939202863,41.8509385870102,200,0.011237958446145058,False
traffic_source_campaign_name_927,target_business_002,113,79,18,0.22123044629795113,0.18304735196182406,59.187044425552806,0.0802975854271505,26.57229536420945,0.07376743660585366,24.102751925398554,200,0.009384707547724247,False
traffic_source_campaign_name_935,target_business_002,144,100,23,0.18333159536091917,0.3469377212461004,120.18067272647414,0.1483659618578329,36.21602325336962,0.24282833461279157,63.45165442655165,200,0.02716074138879776,False
traffic_source_campaign_name_957,target_business_002,180,125,28,0.2873213934071365,0.4246128802933531,185.04498559232135,0.0939414650519677,26.948616738383883,0.1006069042398356,29.409214518171943,200,0.009501989930868149,False
traffic_source_campaign_name_981,target_business_005,480,336,72,0.38657802872165553,0.1612762846908217,688.9819641830906,0.049371251188558334,1359.2275280610324,0.05242241898066444,1337.4273573148319,200,0.008998427540063858,False
traffic_source_campaign_name_982,target_business_005,145,101,23,0.4531770396885332,0.15133461039159996,36.77504406322643,0.05396355526811236,12.720165106789214,0.050727670955986674,12.043269653975857,200,0.00993800163269043,False
traffic_source_campaign_name_984,target_business_005,100,70,15,0.6239878030413082,0.3996157814788279,75.11400794602717,0.026592778015094767,5.714089328187642,0.03010501063323843,6.815330166752859,200,0.029869645833969116,False
